,ROI Label,ROI Name,Network
0,1,7Networks_LH_Vis_1,Vis
1,2,7Networks_LH_Vis_2,Vis
2,3,7Networks_LH_Vis_3,Vis
3,4,7Networks_LH_Vis_4,Vis
4,5,7Networks_LH_Vis_5,Vis
5,6,7Networks_LH_Vis_6,Vis
6,7,7Networks_LH_Vis_7,Vis
7,8,7Networks_LH_Vis_8,Vis
8,9,7Networks_LH_Vis_9,Vis
9,10,7Networks_LH_Vis_10,Vis
10,11,7Networks_LH_Vis_11,Vis
11,12,7Networks_LH_Vis_12,Vis
12,13,7Networks_LH_Vis_13,Vis
13,14,7Networks_LH_Vis_14,Vis
14,15,7Networks_LH_Vis_15,Vis
15,16,7Networks_LH_Vis_16,Vis
16,17,7Networks_LH_Vis_17,Vis
17,18,7Networks_LH_Vis_18,Vis
18,19,7Networks_LH_Vis_19,Vis
19,20,7Networks_LH_Vis_20,Vis
20,21,7Networks_LH_Vis_21,Vis
21,22,7Networks_LH_Vis_22,Vis
22,23,7Networks_LH_Vis_23,Vis
23,24,7Networks_LH_Vis_24,Vis
24,25,7Networks_LH_Vis_25,Vis
25,26,7Networks_LH_Vis_26,Vis
26,27,7Networks_LH_Vis_27,Vis
27,28,7Networks_LH_Vis_28,Vis
28,29,7Networks_LH_Vis_29,Vis
29,30,7Networks_LH_Vis_30,Vis
30,31,7Networks_LH_Vis_31,Vis
31,32,7Networks_LH_SomMot_1,SomMot
32,33,7Networks_LH_SomMot_2,SomMot
33,34,7Networks_LH_SomMot_3,SomMot
34,35,7Networks_LH_SomMot_4,SomMot
35,36,7Networks_LH_SomMot_5,SomMot
36,37,7Networks_LH_SomMot_6,SomMot
37,38,7Networks_LH_SomMot_7,SomMot
38,39,7Networks_LH_SomMot_8,SomMot
39,40,7Networks_LH_SomMot_9,SomMot
40,41,7Networks_LH_SomMot_10,SomMot
41,42,7Networks_LH_SomMot_11,SomMot
42,43,7Networks_LH_SomMot_12,SomMot
43,44,7Networks_LH_SomMot_13,SomMot
44,45,7Networks_LH_SomMot_14,SomMot
45,46,7Networks_LH_SomMot_15,SomMot
46,47,7Networks_LH_SomMot_16,SomMot
47,48,7Networks_LH_SomMot_17,SomMot
48,49,7Networks_LH_SomMot_18,SomMot
49,50,7Networks_LH_SomMot_19,SomMot
50,51,7Networks_LH_SomMot_20,SomMot
51,52,7Networks_LH_SomMot_21,SomMot
52,53,7Networks_LH_SomMot_22,SomMot
53,54,7Networks_LH_SomMot_23,SomMot
54,55,7Networks_LH_SomMot_24,SomMot
55,56,7Networks_LH_SomMot_25,SomMot
56,57,7Networks_LH_SomMot_26,SomMot
57,58,7Networks_LH_SomMot_27,SomMot
58,59,7Networks_LH_SomMot_28,SomMot
59,60,7Networks_LH_SomMot_29,SomMot
60,61,7Networks_LH_SomMot_30,SomMot
61,62,7Networks_LH_SomMot_31,SomMot
62,63,7Networks_LH_SomMot_32,SomMot
63,64,7Networks_LH_SomMot_33,SomMot
64,65,7Networks_LH_SomMot_34,SomMot
65,66,7Networks_LH_SomMot_35,SomMot
66,67,7Networks_LH_SomMot_36,SomMot
67,68,7Networks_LH_SomMot_37,SomMot
68,69,7Networks_LH_DorsAttn_Post_1,DorsAttn
69,70,7Networks_LH_DorsAttn_Post_2,DorsAttn
70,71,7Networks_LH_DorsAttn_Post_3,DorsAttn
71,72,7Networks_LH_DorsAttn_Post_4,DorsAttn
72,73,7Networks_LH_DorsAttn_Post_5,DorsAttn
73,74,7Networks_LH_DorsAttn_Post_6,DorsAttn
74,75,7Networks_LH_DorsAttn_Post_7,DorsAttn
75,76,7Networks_LH_DorsAttn_Post_8,DorsAttn
76,77,7Networks_LH_DorsAttn_Post_9,DorsAttn
77,78,7Networks_LH_DorsAttn_Post_10,DorsAttn
78,79,7Networks_LH_DorsAttn_Post_11,DorsAttn
79,80,7Networks_LH_DorsAttn_Post_12,DorsAttn
80,81,7Networks_LH_DorsAttn_Post_13,DorsAttn
81,82,7Networks_LH_DorsAttn_Post_14,DorsAttn
82,83,7Networks_LH_DorsAttn_Post_15,DorsAttn
83,84,7Networks_LH_DorsAttn_Post_16,DorsAttn
84,85,7Networks_LH_DorsAttn_Post_17,DorsAttn
85,86,7Networks_LH_DorsAttn_FEF_1,DorsAttn
86,87,7Networks_LH_DorsAttn_FEF_2,DorsAttn
87,88,7Networks_LH_DorsAttn_FEF_3,DorsAttn
88,89,7Networks_LH_DorsAttn_FEF_4,DorsAttn
89,90,7Networks_LH_DorsAttn_PrCv_1,DorsAttn
90,91,7Networks_LH_DorsAttn_PrCv_2,DorsAttn
91,92,7Networks_LH_SalVentAttn_ParOper_1,SalVentAttn
92,93,7Networks_LH_SalVentAttn_ParOper_2,SalVentAttn
93,94,7Networks_LH_SalVentAttn_ParOper_3,SalVentAttn
94,95,7Networks_LH_SalVentAttn_ParOper_4,SalVentAttn
95,96,7Networks_LH_SalVentAttn_TempOcc_1,SalVentAttn
96,97,7Networks_LH_SalVentAttn_FrOperIns_1,SalVentAttn
97,98,7Networks_LH_SalVentAttn_FrOperIns_2,SalVentAttn
98,99,7Networks_LH_SalVentAttn_FrOperIns_3,SalVentAttn
99,100,7Networks_LH_SalVentAttn_FrOperIns_4,SalVentAttn
100,101,7Networks_LH_SalVentAttn_FrOperIns_5,SalVentAttn
101,102,7Networks_LH_SalVentAttn_FrOperIns_6,SalVentAttn
102,103,7Networks_LH_SalVentAttn_FrOperIns_7,SalVentAttn
103,104,7Networks_LH_SalVentAttn_FrOperIns_8,SalVentAttn
104,105,7Networks_LH_SalVentAttn_FrOperIns_9,SalVentAttn
105,106,7Networks_LH_SalVentAttn_PFCl_1,SalVentAttn
106,107,7Networks_LH_SalVentAttn_Med_1,SalVentAttn
107,108,7Networks_LH_SalVentAttn_Med_2,SalVentAttn
108,109,7Networks_LH_SalVentAttn_Med_3,SalVentAttn
109,110,7Networks_LH_SalVentAttn_Med_4,SalVentAttn
110,111,7Networks_LH_SalVentAttn_Med_5,SalVentAttn
111,112,7Networks_LH_SalVentAttn_Med_6,SalVentAttn
112,113,7Networks_LH_SalVentAttn_Med_7,SalVentAttn
113,114,7Networks_LH_Limbic_OFC_1,Limbic
114,115,7Networks_LH_Limbic_OFC_2,Limbic
115,116,7Networks_LH_Limbic_OFC_3,Limbic
116,117,7Networks_LH_Limbic_OFC_4,Limbic
117,118,7Networks_LH_Limbic_OFC_5,Limbic
118,119,7Networks_LH_Limbic_TempPole_1,Limbic
119,120,7Networks_LH_Limbic_TempPole_2,Limbic
120,121,7Networks_LH_Limbic_TempPole_3,Limbic
121,122,7Networks_LH_Limbic_TempPole_4,Limbic
122,123,7Networks_LH_Limbic_TempPole_5,Limbic
123,124,7Networks_LH_Limbic_TempPole_6,Limbic
124,125,7Networks_LH_Limbic_TempPole_7,Limbic
125,126,7Networks_LH_Limbic_TempPole_8,Limbic
126,127,7Networks_LH_Cont_Par_1,Cont
127,128,7Networks_LH_Cont_Par_2,Cont
128,129,7Networks_LH_Cont_Par_3,Cont
129,130,7Networks_LH_Cont_Par_4,Cont
130,131,7Networks_LH_Cont_Par_5,Cont
131,132,7Networks_LH_Cont_Par_6,Cont
132,133,7Networks_LH_Cont_Temp_1,Cont
133,134,7Networks_LH_Cont_OFC_1,Cont
134,135,7Networks_LH_Cont_PFCl_1,Cont
135,136,7Networks_LH_Cont_PFCl_2,Cont
136,137,7Networks_LH_Cont_PFCl_3,Cont
137,138,7Networks_LH_Cont_PFCl_4,Cont
138,139,7Networks_LH_Cont_PFCl_5,Cont
139,140,7Networks_LH_Cont_PFCl_6,Cont
140,141,7Networks_LH_Cont_PFCl_7,Cont
141,142,7Networks_LH_Cont_PFCl_8,Cont
142,143,7Networks_LH_Cont_PFCv_1,Cont
143,144,7Networks_LH_Cont_pCun_1,Cont
144,145,7Networks_LH_Cont_pCun_2,Cont
145,146,7Networks_LH_Cont_Cing_1,Cont
146,147,7Networks_LH_Cont_Cing_2,Cont
147,148,7Networks_LH_Cont_PFCmp_1,Cont
148,149,7Networks_LH_Default_Temp_1,Default
149,150,7Networks_LH_Default_Temp_2,Default
150,151,7Networks_LH_Default_Temp_3,Default
151,152,7Networks_LH_Default_Temp_4,Default
152,153,7Networks_LH_Default_Temp_5,Default
153,154,7Networks_LH_Default_Temp_6,Default
154,155,7Networks_LH_Default_Temp_7,Default
155,156,7Networks_LH_Default_Temp_8,Default
156,157,7Networks_LH_Default_Temp_9,Default
157,158,7Networks_LH_Default_Temp_10,Default
158,159,7Networks_LH_Default_Par_1,Default
159,160,7Networks_LH_Default_Par_2,Default
160,161,7Networks_LH_Default_Par_3,Default
161,162,7Networks_LH_Default_Par_4,Default
162,163,7Networks_LH_Default_Par_5,Default
163,164,7Networks_LH_Default_Par_6,Default
164,165,7Networks_LH_Default_Par_7,Default
165,166,7Networks_LH_Default_PFC_1,Default
166,167,7Networks_LH_Default_PFC_2,Default
167,168,7Networks_LH_Default_PFC_3,Default
168,169,7Networks_LH_Default_PFC_4,Default
169,170,7Networks_LH_Default_PFC_5,Default
170,171,7Networks_LH_Default_PFC_6,Default
171,172,7Networks_LH_Default_PFC_7,Default
172,173,7Networks_LH_Default_PFC_8,Default
173,174,7Networks_LH_Default_PFC_9,Default
174,175,7Networks_LH_Default_PFC_10,Default
175,176,7Networks_LH_Default_PFC_11,Default
176,177,7Networks_LH_Default_PFC_12,Default
177,178,7Networks_LH_Default_PFC_13,Default
178,179,7Networks_LH_Default_PFC_14,Default
179,180,7Networks_LH_Default_PFC_15,Default
180,181,7Networks_LH_Default_PFC_16,Default
181,182,7Networks_LH_Default_PFC_17,Default
182,183,7Networks_LH_Default_PFC_18,Default
183,184,7Networks_LH_Default_PFC_19,Default
184,185,7Networks_LH_Default_PFC_20,Default
185,186,7Networks_LH_Default_PFC_21,Default
186,187,7Networks_LH_Default_PFC_22,Default
187,188,7Networks_LH_Default_PFC_23,Default
188,189,7Networks_LH_Default_PFC_24,Default
189,190,7Networks_LH_Default_pCunPCC_1,Default
190,191,7Networks_LH_Default_pCunPCC_2,Default
191,192,7Networks_LH_Default_pCunPCC_3,Default
192,193,7Networks_LH_Default_pCunPCC_4,Default
193,194,7Networks_LH_Default_pCunPCC_5,Default
194,195,7Networks_LH_Default_pCunPCC_6,Default
195,196,7Networks_LH_Default_pCunPCC_7,Default
196,197,7Networks_LH_Default_pCunPCC_8,Default
197,198,7Networks_LH_Default_pCunPCC_9,Default
198,199,7Networks_LH_Default_pCunPCC_10,Default
199,200,7Networks_LH_Default_pCunPCC_11,Default
200,201,7Networks_RH_Vis_1,Vis
201,202,7Networks_RH_Vis_2,Vis
202,203,7Networks_RH_Vis_3,Vis
203,204,7Networks_RH_Vis_4,Vis
204,205,7Networks_RH_Vis_5,Vis
205,206,7Networks_RH_Vis_6,Vis
206,207,7Networks_RH_Vis_7,Vis
207,208,7Networks_RH_Vis_8,Vis
208,209,7Networks_RH_Vis_9,Vis
209,210,7Networks_RH_Vis_10,Vis
210,211,7Networks_RH_Vis_11,Vis
211,212,7Networks_RH_Vis_12,Vis
212,213,7Networks_RH_Vis_13,Vis
213,214,7Networks_RH_Vis_14,Vis
214,215,7Networks_RH_Vis_15,Vis
215,216,7Networks_RH_Vis_16,Vis
216,217,7Networks_RH_Vis_17,Vis
217,218,7Networks_RH_Vis_18,Vis
218,219,7Networks_RH_Vis_19,Vis
219,220,7Networks_RH_Vis_20,Vis
220,221,7Networks_RH_Vis_21,Vis
221,222,7Networks_RH_Vis_22,Vis
222,223,7Networks_RH_Vis_23,Vis
223,224,7Networks_RH_Vis_24,Vis
224,225,7Networks_RH_Vis_25,Vis
225,226,7Networks_RH_Vis_26,Vis
226,227,7Networks_RH_Vis_27,Vis
227,228,7Networks_RH_Vis_28,Vis
228,229,7Networks_RH_Vis_29,Vis
229,230,7Networks_RH_Vis_30,Vis
230,231,7Networks_RH_SomMot_1,SomMot
231,232,7Networks_RH_SomMot_2,SomMot
232,233,7Networks_RH_SomMot_3,SomMot
233,234,7Networks_RH_SomMot_4,SomMot
234,235,7Networks_RH_SomMot_5,SomMot
235,236,7Networks_RH_SomMot_6,SomMot
236,237,7Networks_RH_SomMot_7,SomMot
237,238,7Networks_RH_SomMot_8,SomMot
238,239,7Networks_RH_SomMot_9,SomMot
239,240,7Networks_RH_SomMot_10,SomMot
240,241,7Networks_RH_SomMot_11,SomMot
241,242,7Networks_RH_SomMot_12,SomMot
242,243,7Networks_RH_SomMot_13,SomMot
243,244,7Networks_RH_SomMot_14,SomMot
244,245,7Networks_RH_SomMot_15,SomMot
245,246,7Networks_RH_SomMot_16,SomMot
246,247,7Networks_RH_SomMot_17,SomMot
247,248,7Networks_RH_SomMot_18,SomMot
248,249,7Networks_RH_SomMot_19,SomMot
249,250,7Networks_RH_SomMot_20,SomMot
250,251,7Networks_RH_SomMot_21,SomMot
251,252,7Networks_RH_SomMot_22,SomMot
252,253,7Networks_RH_SomMot_23,SomMot
253,254,7Networks_RH_SomMot_24,SomMot
254,255,7Networks_RH_SomMot_25,SomMot
255,256,7Networks_RH_SomMot_26,SomMot
256,257,7Networks_RH_SomMot_27,SomMot
257,258,7Networks_RH_SomMot_28,SomMot
258,259,7Networks_RH_SomMot_29,SomMot
259,260,7Networks_RH_SomMot_30,SomMot
260,261,7Networks_RH_SomMot_31,SomMot
261,262,7Networks_RH_SomMot_32,SomMot
262,263,7Networks_RH_SomMot_33,SomMot
263,264,7Networks_RH_SomMot_34,SomMot
264,265,7Networks_RH_SomMot_35,SomMot
265,266,7Networks_RH_SomMot_36,SomMot
266,267,7Networks_RH_SomMot_37,SomMot
267,268,7Networks_RH_SomMot_38,SomMot
268,269,7Networks_RH_SomMot_39,SomMot
269,270,7Networks_RH_SomMot_40,SomMot
270,271,7Networks_RH_DorsAttn_Post_1,DorsAttn
271,272,7Networks_RH_DorsAttn_Post_2,DorsAttn
272,273,7Networks_RH_DorsAttn_Post_3,DorsAttn
273,274,7Networks_RH_DorsAttn_Post_4,DorsAttn
274,275,7Networks_RH_DorsAttn_Post_5,DorsAttn
275,276,7Networks_RH_DorsAttn_Post_6,DorsAttn
276,277,7Networks_RH_DorsAttn_Post_7,DorsAttn
277,278,7Networks_RH_DorsAttn_Post_8,DorsAttn
278,279,7Networks_RH_DorsAttn_Post_9,DorsAttn
279,280,7Networks_RH_DorsAttn_Post_10,DorsAttn
280,281,7Networks_RH_DorsAttn_Post_11,DorsAttn
281,282,7Networks_RH_DorsAttn_Post_12,DorsAttn
282,283,7Networks_RH_DorsAttn_Post_13,DorsAttn
283,284,7Networks_RH_DorsAttn_Post_14,DorsAttn
284,285,7Networks_RH_DorsAttn_Post_15,DorsAttn
285,286,7Networks_RH_DorsAttn_Post_16,DorsAttn
286,287,7Networks_RH_DorsAttn_Post_17,DorsAttn
287,288,7Networks_RH_DorsAttn_Post_18,DorsAttn
288,289,7Networks_RH_DorsAttn_Post_19,DorsAttn
289,290,7Networks_RH_DorsAttn_FEF_1,DorsAttn
290,291,7Networks_RH_DorsAttn_FEF_2,DorsAttn
291,292,7Networks_RH_DorsAttn_FEF_3,DorsAttn
292,293,7Networks_RH_DorsAttn_PrCv_1,DorsAttn
293,294,7Networks_RH_SalVentAttn_TempOccPar_1,SalVentAttn
294,295,7Networks_RH_SalVentAttn_TempOccPar_2,SalVentAttn
295,296,7Networks_RH_SalVentAttn_TempOccPar_3,SalVentAttn
296,297,7Networks_RH_SalVentAttn_TempOccPar_4,SalVentAttn
297,298,7Networks_RH_SalVentAttn_TempOccPar_5,SalVentAttn
298,299,7Networks_RH_SalVentAttn_TempOccPar_6,SalVentAttn
299,300,7Networks_RH_SalVentAttn_TempOccPar_7,SalVentAttn
300,301,7Networks_RH_SalVentAttn_PrC_1,SalVentAttn
301,302,7Networks_RH_SalVentAttn_FrOperIns_1,SalVentAttn
302,303,7Networks_RH_SalVentAttn_FrOperIns_2,SalVentAttn
303,304,7Networks_RH_SalVentAttn_FrOperIns_3,SalVentAttn
304,305,7Networks_RH_SalVentAttn_FrOperIns_4,SalVentAttn
305,306,7Networks_RH_SalVentAttn_FrOperIns_5,SalVentAttn
306,307,7Networks_RH_SalVentAttn_FrOperIns_6,SalVentAttn
307,308,7Networks_RH_SalVentAttn_FrOperIns_7,SalVentAttn
308,309,7Networks_RH_SalVentAttn_FrOperIns_8,SalVentAttn
309,310,7Networks_RH_SalVentAttn_PFCl_1,SalVentAttn
310,311,7Networks_RH_SalVentAttn_Med_1,SalVentAttn
311,312,7Networks_RH_SalVentAttn_Med_2,SalVentAttn
312,313,7Networks_RH_SalVentAttn_Med_3,SalVentAttn
313,314,7Networks_RH_SalVentAttn_Med_4,SalVentAttn
314,315,7Networks_RH_SalVentAttn_Med_5,SalVentAttn
315,316,7Networks_RH_SalVentAttn_Med_6,SalVentAttn
316,317,7Networks_RH_SalVentAttn_Med_7,SalVentAttn
317,318,7Networks_RH_SalVentAttn_Med_8,SalVentAttn
318,319,7Networks_RH_Limbic_OFC_1,Limbic
319,320,7Networks_RH_Limbic_OFC_2,Limbic
320,321,7Networks_RH_Limbic_OFC_3,Limbic
321,322,7Networks_RH_Limbic_OFC_4,Limbic
322,323,7Networks_RH_Limbic_OFC_5,Limbic
323,324,7Networks_RH_Limbic_OFC_6,Limbic
324,325,7Networks_RH_Limbic_TempPole_1,Limbic
325,326,7Networks_RH_Limbic_TempPole_2,Limbic
326,327,7Networks_RH_Limbic_TempPole_3,Limbic
327,328,7Networks_RH_Limbic_TempPole_4,Limbic
328,329,7Networks_RH_Limbic_TempPole_5,Limbic
329,330,7Networks_RH_Limbic_TempPole_6,Limbic
330,331,7Networks_RH_Limbic_TempPole_7,Limbic
331,332,7Networks_RH_Cont_Par_1,Cont
332,333,7Networks_RH_Cont_Par_2,Cont
333,334,7Networks_RH_Cont_Par_3,Cont
334,335,7Networks_RH_Cont_Par_4,Cont
335,336,7Networks_RH_Cont_Par_5,Cont
336,337,7Networks_RH_Cont_Par_6,Cont
337,338,7Networks_RH_Cont_Temp_1,Cont
338,339,7Networks_RH_Cont_Temp_2,Cont
339,340,7Networks_RH_Cont_PFCv_1,Cont
340,341,7Networks_RH_Cont_PFCl_1,Cont
341,342,7Networks_RH_Cont_PFCl_2,Cont
342,343,7Networks_RH_Cont_PFCl_3,Cont
343,344,7Networks_RH_Cont_PFCl_4,Cont
344,345,7Networks_RH_Cont_PFCl_5,Cont
345,346,7Networks_RH_Cont_PFCl_6,Cont
346,347,7Networks_RH_Cont_PFCl_7,Cont
347,348,7Networks_RH_Cont_PFCl_8,Cont
348,349,7Networks_RH_Cont_PFCl_9,Cont
349,350,7Networks_RH_Cont_PFCl_10,Cont
350,351,7Networks_RH_Cont_PFCl_11,Cont
351,352,7Networks_RH_Cont_PFCl_12,Cont
352,353,7Networks_RH_Cont_PFCl_13,Cont
353,354,7Networks_RH_Cont_PFCl_14,Cont
354,355,7Networks_RH_Cont_PFCl_15,Cont
355,356,7Networks_RH_Cont_pCun_1,Cont
356,357,7Networks_RH_Cont_pCun_2,Cont
357,358,7Networks_RH_Cont_Cing_1,Cont
358,359,7Networks_RH_Cont_Cing_2,Cont
359,360,7Networks_RH_Cont_PFCmp_1,Cont
360,361,7Networks_RH_Cont_PFCmp_2,Cont
361,362,7Networks_RH_Default_Par_1,Default
362,363,7Networks_RH_Default_Par_2,Default
363,364,7Networks_RH_Default_Par_3,Default
364,365,7Networks_RH_Default_Par_4,Default
365,366,7Networks_RH_Default_Par_5,Default
366,367,7Networks_RH_Default_Temp_1,Default
367,368,7Networks_RH_Default_Temp_2,Default
368,369,7Networks_RH_Default_Temp_3,Default
369,370,7Networks_RH_Default_Temp_4,Default
370,371,7Networks_RH_Default_Temp_5,Default
371,372,7Networks_RH_Default_Temp_6,Default
372,373,7Networks_RH_Default_Temp_7,Default
373,374,7Networks_RH_Default_Temp_8,Default
374,375,7Networks_RH_Default_PFCv_1,Default
375,376,7Networks_RH_Default_PFCv_2,Default
376,377,7Networks_RH_Default_PFCv_3,Default
377,378,7Networks_RH_Default_PFCv_4,Default
378,379,7Networks_RH_Default_PFCdPFCm_1,Default
379,380,7Networks_RH_Default_PFCdPFCm_2,Default
380,381,7Networks_RH_Default_PFCdPFCm_3,Default
381,382,7Networks_RH_Default_PFCdPFCm_4,Default
382,383,7Networks_RH_Default_PFCdPFCm_5,Default
383,384,7Networks_RH_Default_PFCdPFCm_6,Default
384,385,7Networks_RH_Default_PFCdPFCm_7,Default
385,386,7Networks_RH_Default_PFCdPFCm_8,Default
386,387,7Networks_RH_Default_PFCdPFCm_9,Default
387,388,7Networks_RH_Default_PFCdPFCm_10,Default
388,389,7Networks_RH_Default_PFCdPFCm_11,Default
389,390,7Networks_RH_Default_PFCdPFCm_12,Default
390,391,7Networks_RH_Default_PFCdPFCm_13,Default
391,392,7Networks_RH_Default_pCunPCC_1,Default
392,393,7Networks_RH_Default_pCunPCC_2,Default
393,394,7Networks_RH_Default_pCunPCC_3,Default
394,395,7Networks_RH_Default_pCunPCC_4,Default
395,396,7Networks_RH_Default_pCunPCC_5,Default
396,397,7Networks_RH_Default_pCunPCC_6,Default
397,398,7Networks_RH_Default_pCunPCC_7,Default
398,399,7Networks_RH_Default_pCunPCC_8,Default
399,400,7Networks_RH_Default_pCunPCC_9,Default
